[{"model": "contenttypes.contenttype", "fields": {"app_label": "admin", "model": "logentry"}}, {"model": "contenttypes.contenttype", "fields": {"app_label": "auth", "model": "permission"}}, {"model": "contenttypes.contenttype", "fields": {"app_label": "auth", "model": "group"}}, {"model": "contenttypes.contenttype", "fields": {"app_label": "auth", "model": "user"}}, {"model": "contenttypes.contenttype", "fields": {"app_label": "contenttypes", "model": "contenttype"}}, {"model": "contenttypes.contenttype", "fields": {"app_label": "sessions", "model": "session"}}, {"model": "contenttypes.contenttype", "fields": {"app_label": "fdl", "model": "restaurant"}}, {"model": "contenttypes.contenttype", "fields": {"app_label": "backend", "model": "restaurant"}}, {"model": "contenttypes.contenttype", "fields": {"app_label": "fdl", "model": "todo"}}, {"model": "contenttypes.contenttype", "fields": {"app_label": "fdl", "model": "menuitem"}}, {"model": "sessions.session", "pk": "2l10zw77vu6zqtsrqf1geqf1w3o1ih8y", "fields": {"session_data": ".eJxVjMsOwiAQRf-FtSEzyENcuu83NMAMUjWQlHZl_HdD0oVu7znnvsUc9q3Me-d1XkhcBYrT7xZDenIdgB6h3ptMrW7rEuVQ5EG7nBrx63a4fwcl9DJq5bWyYNkAZ68YMAOQQtCZIrBzCIbQJ0omBo2WnM6B4YyEF7SoxecLzs83TQ:1mT9Lv:nidgMx7t17bU38-wS6PTyCw-ZizQ_NIMpqvHSahxdyE", "expire_date": "2021-10-06T21:00:27.909Z"}}, {"model": "fdl.restaurant", "pk": 1, "fields": {"name": "Chai Pani", "city": "asheville", "street": "22 Battery Park", "zip": 28801, "phone": 8282544003, "longitude": -82.555378, "latitude": 35.595136, "coordinates": "-82.555378, 35.595136"}}, {"model": "fdl.restaurant", "pk": 2, "fields": {"name": "Buxton Hall", "city": "asheville", "street": "32 Banks Ave", "zip": 28801, "phone": 8282327216, "longitude": -82.5533, "latitude": 35.5892, "coordinates": "-82.5533, 35.5892"}}, {"model": "fdl.restaurant", "pk": 3, "fields": {"name": "Benne on Eagle", "city": "asheville", "street": "35 Eagle St.", "zip": 28801, "phone": 8285528833, "longitude": -82.549858, "latitude": 35.594103, "coordinates": "-82.549858, 35.594103"}}, {"model": "fdl.restaurant", "pk": 4, "fields": {"name": "Taco Temple", "city": "asheville", "street": "132 Charlotte St.", "zip": 28801, "phone": 8282558098, "longitude": -82.546648, "latitude": 35.603929, "coordinates": "-82.546648, 35.603929"}}, {"model": "fdl.restaurant", "pk": 5, "fields": {"name": "Taco Billy", "city": "asheville", "street": "201 Haywood Rd", "zip": 28806, "phone": 8285050088, "longitude": -82.574329, "latitude": 35.579896, "coordinates": "-82.574329, 35.579896"}}, {"model": "fdl.restaurant", "pk": 6, "fields": {"name": "Standard Pizza Co.", "city": "asheville", "street": "631 Haywood Rd", "zip": 28806, "phone": 8282558122, "longitude": -82.589312, "latitude": 35.578646, "coordinates": "-82.589312, 35.578646"}}, {"model": "fdl.restaurant", "pk": 7, "fields": {"name": "Bim Beri Bon", "city": "asheville", "street": "697 Haywood Rd.", "zip": 28806, "phone": 8285050328, "longitude": -82.591365, "latitude": 35.577492, "coordinates": "-82.591365, 35.577492"}}, {"model": "fdl.restaurant", "pk": 8, "fields": {"name": "5 Points Restaurant", "city": "asheville", "street": "258 Broadway Street", "zip": 28801, "phone": 8282528030, "longitude": -82.5553574, "latitude": 35.6012147, "coordinates": "-82.5553574, 35.6012147"}}, {"model": "fdl.menuitem", "pk": 2, "fields": {"item": "Green Mango Chaat", "restaurant": 1, "price": 9.99, "description": "Fresh green mango tossed with peanuts, golden raisins, corn poha (Indian corn flakes), onion, & cilantro. Topped with green chutney, lime & curry leaves.", "day": "all_days", "time": "lunch_dinner", "open_time": 11, "close_time": 21, "dietary": "vegetarian"}}, {"model": "fdl.menuitem", "pk": 3, "fields": {"item": "Aloo Tikki Chaat", "restaurant": 1, "price": 10.99, "description": "Crispy Indian potato fritters (two) topped with crunchy chickpea noodles (sev) and served with spiced garbanzo bean stew. Tamarind chutney, green chutney, and sweetened yogurt are served on the side in the takeout version of this dish. To make it just like we would serve it if you were dining in simply add the potato fritters to the stew and top with tamarind chutney, then green chutney and lastly the sweet yogurt and its ready to be enjoyed!\r\n*Dietary Modifications*\r\nDairy Free- Do not add sweet yogurt.\r\nGluten-free- n/a\r\nVegan- n/a", "day": "all_days", "time": "lunch_dinner", "open_time": 11, "close_time": 21, "dietary": "vegetarian"}}, {"model": "fdl.menuitem", "pk": 4, "fields": {"item": "Chicken Pakoras", "restaurant": 1, "price": 10.99, "description": "Joyce Farms chicken seasoned w/ Kashmiri spices in a curried chickpea\r\nbatter. Served with green chutney & sweet yogurt.\r\n*Dietary Restrictions*\r\nDairy-free- Substitute the sweet yogurt on the side for one of our vegan chutneys (tamarind or green chutney)\r\nGluten-free- 99% gluten-free (fried in a shared fryer)", "day": "all_days", "time": "lunch_dinner", "open_time": 11, "close_time": 21, "dietary": "none"}}, {"model": "fdl.menuitem", "pk": 5, "fields": {"item": "Desi Chicken Salad", "restaurant": 1, "price": 12.99, "description": "Marinated and grilled chicken on a bed of shredded white & red cabbage, carrots, and scallions, topped with toasted sesame seeds, cilantro, and sev, with a cumin-lime\r\nvinaigrette.", "day": "all_days", "time": "lunch_dinner", "open_time": 11, "close_time": 21, "dietary": "none"}}, {"model": "fdl.menuitem", "pk": 6, "fields": {"item": "Papadum", "restaurant": 1, "price": 1.99, "description": "5 thin lentil flatbread crisps served with green and tamarind chutneys.", "day": "all_days", "time": "lunch_dinner", "open_time": 11, "close_time": 21, "dietary": "vegetarian"}}, {"model": "fdl.menuitem", "pk": 7, "fields": {"item": "Kheer", "restaurant": 1, "price": 4.99, "description": "Kheer - rice pudding dessert", "day": "all_days", "time": "lunch_dinner", "open_time": 11, "close_time": 21, "dietary": "none"}}, {"model": "fdl.menuitem", "pk": 8, "fields": {"item": "Kids Cheese Paratha", "restaurant": 1, "price": 3.99, "description": "Mozzarella cheese melted between flaky layered flatbread. Served with sweet yogurt.", "day": "all_days", "time": "lunch_dinner", "open_time": 11, "close_time": 21, "dietary": "vegetarian"}}, {"model": "fdl.menuitem", "pk": 9, "fields": {"item": "To-Go Cholle & Rice", "restaurant": 1, "price": 8.99, "description": "Garbanzo beans slow-cooked in a spicy-sweet broth with tamarind, jaggery, onions and tomatoes. served with basmati rice, masala slaw and raita. To be made vegan substitute the raita for green or tamarind chutney.", "day": "all_days", "time": "lunch_dinner", "open_time": 11, "close_time": 21, "dietary": "vegetarian"}}, {"model": "fdl.menuitem", "pk": 10, "fields": {"item": "Smoked Pulled Chicken Plate", "restaurant": 2, "price": 15.0, "description": "tossed in red BBQ sauce, pickles", "day": "all_days", "time": "lunch_dinner", "open_time": 11, "close_time": 21, "dietary": "none"}}, {"model": "fdl.menuitem", "pk": 11, "fields": {"item": "Smoky Fried NC Catfish Plate", "restaurant": 2, "price": 18.0, "description": "lightly smoked, cornmeal breaded, bbq sauce, tartar sauce, lemon, pickles", "day": "all_days", "time": "lunch_dinner", "open_time": 11, "close_time": 21, "dietary": "none"}}, {"model": "fdl.menuitem", "pk": 12, "fields": {"item": "Skillet Cornbread", "restaurant": 2, "price": 8.0, "description": "farm and sparrow cornmeal w/ honey lard", "day": "all_days", "time": "lunch_dinner", "open_time": 11, "close_time": 21, "dietary": "vegetarian"}}, {"model": "fdl.menuitem", "pk": 13, "fields": {"item": "buxton summer salad", "restaurant": 2, "price": 11.0, "description": "bibb lettuce, candied pecans, peaches, goat cheese, honey-champagne vinaigrette", "day": "all_days", "time": "lunch_dinner", "open_time": 11, "close_time": 21, "dietary": "vegetarian"}}, {"model": "fdl.menuitem", "pk": 14, "fields": {"item": "Berberie Spiced Joyce Farms Chicken", "restaurant": 3, "price": 28.0, "description": "Palm Oil Chermoula, Basmati Rice,\r\nSpiced Yogurt", "day": "all_days", "time": "dinner", "open_time": 17, "close_time": 21, "dietary": "none"}}, {"model": "fdl.menuitem", "pk": 15, "fields": {"item": "Pepperpot Stew", "restaurant": 3, "price": 20.0, "description": "Cassava, Okinawan Sweet Potatoes,\r\nBroccolini, Plantains", "day": "all_days", "time": "dinner", "open_time": 17, "close_time": 21, "dietary": "none"}}, {"model": "fdl.menuitem", "pk": 16, "fields": {"item": "Cobia & Akara", "restaurant": 3, "price": 29.0, "description": "Sweet Chili Garlic, Green Mango, Turnips", "day": "all_days", "time": "dinner", "open_time": 17, "close_time": 21, "dietary": "none"}}, {"model": "fdl.menuitem", "pk": 17, "fields": {"item": "Le Courage 10 Oz NY Strip Steak", "restaurant": 3, "price": 38.0, "description": "Kimchi Jus, Collard Green Kimchi", "day": "all_days", "time": "dinner", "open_time": 17, "close_time": 21, "dietary": "none"}}, {"model": "fdl.menuitem", "pk": 18, "fields": {"item": "Egg and Cheese Sandwich", "restaurant": 3, "price": 11.0, "description": "Scrambled Egg, Cheddar, Brioche Bun\r\nServed with Home Fries", "day": "sunday", "time": "brunch", "open_time": 11, "close_time": 14, "dietary": "vegetarian"}}, {"model": "fdl.menuitem", "pk": 19, "fields": {"item": "Biscuit and Gravy", "restaurant": 3, "price": 12.0, "description": "Two eggs your way, Sausage Gravy", "day": "sunday", "time": "brunch", "open_time": 11, "close_time": 14, "dietary": "none"}}, {"model": "fdl.menuitem", "pk": 20, "fields": {"item": "Fried Chicken and Waffle", "restaurant": 3, "price": 18.0, "description": "Joyce Farms Chicken, Pecan Butter, Pickled Watermelon, Maple Syrup", "day": "sunday", "time": "brunch", "open_time": 11, "close_time": 14, "dietary": "none"}}, {"model": "fdl.menuitem", "pk": 21, "fields": {"item": "Shrimp and Grits", "restaurant": 3, "price": 21.0, "description": "Oyster XO Sauce, Tomatoes, Chives", "day": "sunday", "time": "brunch", "open_time": 11, "close_time": 14, "dietary": "none"}}, {"model": "fdl.menuitem", "pk": 22, "fields": {"item": "El Guero", "restaurant": 4, "price": 3.5, "description": "Chorizo Verde, scrambled eggs sweet potato, cheese, and salsa verde", "day": "all_days", "time": "breakfast", "open_time": 9, "close_time": 20, "dietary": "none"}}, {"model": "fdl.menuitem", "pk": 23, "fields": {"item": "La Gringa", "restaurant": 4, "price": 3.5, "description": "Bacon, scrambled egg, jack cheese, and chipotle salsa", "day": "all_days", "time": "breakfast", "open_time": 9, "close_time": 20, "dietary": "none"}}, {"model": "fdl.menuitem", "pk": 24, "fields": {"item": "El Chulo", "restaurant": 4, "price": 9.0, "description": "Breakfast Torta -- Fried Egg Blt. Bacon, lettuce, tomato, and roasted green chile mayo", "day": "all_days", "time": "breakfast", "open_time": 9, "close_time": 20, "dietary": "none"}}, {"model": "fdl.menuitem", "pk": 25, "fields": {"item": "La Guapa", "restaurant": 4, "price": 8.0, "description": "Breakfast Torta - Bacon, egg, cheese, and salsa verde", "day": "all_days", "time": "breakfast", "open_time": 9, "close_time": 20, "dietary": "none"}}, {"model": "fdl.menuitem", "pk": 26, "fields": {"item": "Chips & Salsa", "restaurant": 4, "price": 3.0, "description": "your choice of one of our scratch-made salsas and plenty of fresh chips (serves 3-4ppl)", "day": "all_days", "time": "lunch_dinner", "open_time": 9, "close_time": 20, "dietary": "vegetarian"}}, {"model": "fdl.menuitem", "pk": 27, "fields": {"item": "Avocado Torta", "restaurant": 4, "price": 9.95, "description": "Griddled Panela Cheese, Sliced Avocado, Black Bean Spread, Roasted Poblano Peppers & Caramelized Onions, Fresh Pico De Gallo, Romaine Lettuce, and Baja Mayo", "day": "all_days", "time": "lunch_dinner", "open_time": 9, "close_time": 20, "dietary": "vegetarian"}}, {"model": "fdl.menuitem", "pk": 28, "fields": {"item": "Al Pastor Torta", "restaurant": 4, "price": 8.95, "description": "Spit-roasted Guajillo Chile-Pineapple Pork Al Pastor, Chipotle Mayo, Black Bean Spread, Quesillo Cheese, Avocado, Pico De Gallo & Romaine", "day": "all_days", "time": "lunch_dinner", "open_time": 9, "close_time": 20, "dietary": "none"}}, {"model": "fdl.menuitem", "pk": 29, "fields": {"item": "Migas Taco", "restaurant": 5, "price": 3.0, "description": "Breakfast Taco\r\nEggs, onions, jalepenos, tomatoes, crispy fried tortilla colby-jack cheese", "day": "all_days", "time": "breakfast_lunch_dinner", "open_time": 8, "close_time": 20, "dietary": "none"}}, {"model": "fdl.menuitem", "pk": 30, "fields": {"item": "Build your own Taco", "restaurant": 5, "price": 3.0, "description": "2 items $2.50\r\n3 items $3\r\n4 items $3.5\r\n\r\nFillings - Eggs, Bacon, Sausage, Veggie Chorizo, Spinach, Avocado, Black Beans, Cheese\r\nTortillas - flour, corn, plantain\r\nSalsas - tomato, tomatillo, avocado", "day": "all_days", "time": "breakfast_lunch_dinner", "open_time": 8, "close_time": 20, "dietary": "none"}}, {"model": "fdl.menuitem", "pk": 31, "fields": {"item": "Kirb Service Taco", "restaurant": 5, "price": 4.25, "description": "Beef medallions, onions pepers ancho chillas sauce, jack cheese", "day": "all_days", "time": "lunch", "open_time": 8, "close_time": 20, "dietary": "none"}}, {"model": "fdl.menuitem", "pk": 32, "fields": {"item": "Yard Bird Taco", "restaurant": 5, "price": 3.75, "description": "Fried chicken, mango slaw and siracha aioli", "day": "all_days", "time": "lunch", "open_time": 8, "close_time": 20, "dietary": "none"}}, {"model": "fdl.menuitem", "pk": 33, "fields": {"item": "San Cris", "restaurant": 5, "price": 3.95, "description": "Slow roasted pork, pickled onion, queso fresco and jalapeno crema, corn tortilla", "day": "all_days", "time": "lunch", "open_time": 8, "close_time": 20, "dietary": "gluten_free"}}, {"model": "fdl.menuitem", "pk": 34, "fields": {"item": "Good Lovin'", "restaurant": 5, "price": 3.5, "description": "Broccoli, bell peppers, mushrooms, zucchini, spinach, fresh garlic, brown rice, jack cheese and jalapeno crema on corn tortilla", "day": "all_days", "time": "lunch", "open_time": 8, "close_time": 20, "dietary": "vegetarian_and_gf"}}, {"model": "fdl.menuitem", "pk": 35, "fields": {"item": "Vegan Lunch Lady", "restaurant": 5, "price": 4.5, "description": "Smiling Hara tempeh, Mexican mole, topped with pickled onion and queso fersco, corn tortilla", "day": "all_days", "time": "lunch", "open_time": 8, "close_time": 20, "dietary": "vegan"}}, {"model": "fdl.menuitem", "pk": 36, "fields": {"item": "Single Pizza Slice", "restaurant": 6, "price": 2.75, "description": "$0.50 per topping:\r\npepperoni, italian sausage, sliced meatball, bacon, soy sausage*, anchovy, mushroom, onion, green pepper, green olives, black olives, spinach, tomato, pesto, broccoli, jalapeño, feta, fresh garlic, banana, fresh basil, artichoke hearts", "day": "all_days", "time": "lunch_dinner_and_late_night", "open_time": 11, "close_time": 24, "dietary": "none"}}, {"model": "fdl.menuitem", "pk": 37, "fields": {"item": "Supreme Pizza Slice", "restaurant": 6, "price": 5.5, "description": "pepperoni, italian sausage, sliced meatball, mushroom, onion, green pepper, green & black olives, extra cheese", "day": "all_days", "time": "lunch_dinner_and_late_night", "open_time": 11, "close_time": 24, "dietary": "none"}}, {"model": "fdl.menuitem", "pk": 38, "fields": {"item": "Garden Slice", "restaurant": 6, "price": 4.75, "description": "mushroom, onion, green pepper, green & black olives, tomato, fresh garlic", "day": "all_days", "time": "lunch_dinner_and_late_night", "open_time": 11, "close_time": 24, "dietary": "vegetarian"}}, {"model": "fdl.menuitem", "pk": 39, "fields": {"item": "Thirteen Slice", "restaurant": 6, "price": 3.95, "description": "spinach, mushroom, fresh garlic, extra cheese", "day": "all_days", "time": "lunch_dinner_and_late_night", "open_time": 11, "close_time": 24, "dietary": "none"}}, {"model": "fdl.menuitem", "pk": 40, "fields": {"item": "Calzone", "restaurant": 6, "price": 8.0, "description": "start with mozzarella and ricotta cheeses\r\n+ 0.75 each topping\r\npepperoni, italian sausage, sliced meatball, bacon, soy sausage*, anchovy, mushroom, onion, green pepper, green olives, black olives, spinach, tomato, pesto, broccoli, jalapeño, feta, fresh garlic, banana, fresh basil, artichoke hearts", "day": "all_days", "time": "lunch_dinner_and_late_night", "open_time": 11, "close_time": 24, "dietary": "none"}}, {"model": "fdl.menuitem", "pk": 41, "fields": {"item": "Supreme Large", "restaurant": 6, "price": 24.0, "description": "pepperoni, italian sausage, sliced meatball, mushroom, onion, green pepper, green & black olives, extra cheese", "day": "all_days", "time": "lunch_dinner_and_late_night", "open_time": 11, "close_time": 24, "dietary": "none"}}, {"model": "fdl.menuitem", "pk": 42, "fields": {"item": "Large Garden", "restaurant": 6, "price": 22.5, "description": "mushroom, onion, green pepper, green & black olives, tomato, fresh garlic", "day": "all_days", "time": "lunch_dinner_and_late_night", "open_time": 11, "close_time": 24, "dietary": "vegetarian"}}, {"model": "fdl.menuitem", "pk": 43, "fields": {"item": "Cuban Roasted Plantain Bowl", "restaurant": 7, "price": 13.0, "description": "choice of roasted Jackfruit or roasted pork, black beans, ranchero sauce, guacamole, pico de gallo, cilantro", "day": "weekends", "time": "breakfast_and_lunch", "open_time": 10, "close_time": 14, "dietary": "vegetarian_and_gf"}}, {"model": "fdl.menuitem", "pk": 44, "fields": {"item": "Yam Hot Bowl", "restaurant": 7, "price": 13.0, "description": "greens, roasted yams, quinoa, choice of vegan or farm egg, cashew cilantro crema, red onion & tomato", "day": "weekends", "time": "breakfast_and_lunch", "open_time": 10, "close_time": 14, "dietary": "vegan"}}, {"model": "fdl.menuitem", "pk": 45, "fields": {"item": "Farm Egg Sandwich", "restaurant": 7, "price": 9.0, "description": "soft bun, pork sausage, cheddar cheese, scrambled eggs, pepper aioli, pickled red onion, arugula", "day": "weekends", "time": "breakfast_and_lunch", "open_time": 10, "close_time": 14, "dietary": "gluten_free"}}, {"model": "fdl.menuitem", "pk": 46, "fields": {"item": "Vegan Egg Sandwich", "restaurant": 7, "price": 10.0, "description": "soft bun, tempeh sausage, cashew herb cheese, scrambled eggs, pepper aioli, pickled red onion, arugula", "day": "weekends", "time": "breakfast_and_lunch", "open_time": 10, "close_time": 14, "dietary": "vegan"}}, {"model": "fdl.menuitem", "pk": 47, "fields": {"item": "Vietnamese Bahn Mi Sandwich", "restaurant": 7, "price": 13.0, "description": "choice of grilled marinated chicken breast or roasted marinated soy curls, baguette, crisp kimchi, sambal mayo, hoisin sauce, cucumbers, served with fried potato wedges & tomato chutney\r\nadd grilled steak $2", "day": "weekends", "time": "breakfast_and_lunch", "open_time": 10, "close_time": 14, "dietary": "gluten_free"}}, {"model": "fdl.menuitem", "pk": 48, "fields": {"item": "Fried Potato Wedge", "restaurant": 7, "price": 6.0, "description": "harissa hot sauce & tomato chutney", "day": "weekends", "time": "breakfast_and_lunch", "open_time": 10, "close_time": 14, "dietary": "vegan"}}, {"model": "fdl.todo", "pk": 1, "fields": {"title": "this is a different TEST", "description": "TESTING TESTING CHECK ONE CHECK TWO", "completed": true}}, {"model": "fdl.todo", "pk": 2, "fields": {"title": "this is a TEST", "description": "TESTING TESTING CHECK CHECK", "completed": false}}, {"model": "fdl.todo", "pk": 3, "fields": {"title": "BLAH", "description": "Tube microphone by Peluso", "completed": true}}, {"model": "fdl.todo", "pk": 4, "fields": {"title": "OK Computer", "description": "500 series preamp", "completed": false}}, {"model": "auth.permission", "fields": {"name": "Can add log entry", "content_type": ["admin", "logentry"], "codename": "add_logentry"}}, {"model": "auth.permission", "fields": {"name": "Can change log entry", "content_type": ["admin", "logentry"], "codename": "change_logentry"}}, {"model": "auth.permission", "fields": {"name": "Can delete log entry", "content_type": ["admin", "logentry"], "codename": "delete_logentry"}}, {"model": "auth.permission", "fields": {"name": "Can view log entry", "content_type": ["admin", "logentry"], "codename": "view_logentry"}}, {"model": "auth.permission", "fields": {"name": "Can add permission", "content_type": ["auth", "permission"], "codename": "add_permission"}}, {"model": "auth.permission", "fields": {"name": "Can change permission", "content_type": ["auth", "permission"], "codename": "change_permission"}}, {"model": "auth.permission", "fields": {"name": "Can delete permission", "content_type": ["auth", "permission"], "codename": "delete_permission"}}, {"model": "auth.permission", "fields": {"name": "Can view permission", "content_type": ["auth", "permission"], "codename": "view_permission"}}, {"model": "auth.permission", "fields": {"name": "Can add group", "content_type": ["auth", "group"], "codename": "add_group"}}, {"model": "auth.permission", "fields": {"name": "Can change group", "content_type": ["auth", "group"], "codename": "change_group"}}, {"model": "auth.permission", "fields": {"name": "Can delete group", "content_type": ["auth", "group"], "codename": "delete_group"}}, {"model": "auth.permission", "fields": {"name": "Can view group", "content_type": ["auth", "group"], "codename": "view_group"}}, {"model": "auth.permission", "fields": {"name": "Can add user", "content_type": ["auth", "user"], "codename": "add_user"}}, {"model": "auth.permission", "fields": {"name": "Can change user", "content_type": ["auth", "user"], "codename": "change_user"}}, {"model": "auth.permission", "fields": {"name": "Can delete user", "content_type": ["auth", "user"], "codename": "delete_user"}}, {"model": "auth.permission", "fields": {"name": "Can view user", "content_type": ["auth", "user"], "codename": "view_user"}}, {"model": "auth.permission", "fields": {"name": "Can add content type", "content_type": ["contenttypes", "contenttype"], "codename": "add_contenttype"}}, {"model": "auth.permission", "fields": {"name": "Can change content type", "content_type": ["contenttypes", "contenttype"], "codename": "change_contenttype"}}, {"model": "auth.permission", "fields": {"name": "Can delete content type", "content_type": ["contenttypes", "contenttype"], "codename": "delete_contenttype"}}, {"model": "auth.permission", "fields": {"name": "Can view content type", "content_type": ["contenttypes", "contenttype"], "codename": "view_contenttype"}}, {"model": "auth.permission", "fields": {"name": "Can add session", "content_type": ["sessions", "session"], "codename": "add_session"}}, {"model": "auth.permission", "fields": {"name": "Can change session", "content_type": ["sessions", "session"], "codename": "change_session"}}, {"model": "auth.permission", "fields": {"name": "Can delete session", "content_type": ["sessions", "session"], "codename": "delete_session"}}, {"model": "auth.permission", "fields": {"name": "Can view session", "content_type": ["sessions", "session"], "codename": "view_session"}}, {"model": "auth.permission", "fields": {"name": "Can add restaurant", "content_type": ["fdl", "restaurant"], "codename": "add_restaurant"}}, {"model": "auth.permission", "fields": {"name": "Can change restaurant", "content_type": ["fdl", "restaurant"], "codename": "change_restaurant"}}, {"model": "auth.permission", "fields": {"name": "Can delete restaurant", "content_type": ["fdl", "restaurant"], "codename": "delete_restaurant"}}, {"model": "auth.permission", "fields": {"name": "Can view restaurant", "content_type": ["fdl", "restaurant"], "codename": "view_restaurant"}}, {"model": "auth.permission", "fields": {"name": "Can add restaurant", "content_type": ["backend", "restaurant"], "codename": "add_restaurant"}}, {"model": "auth.permission", "fields": {"name": "Can change restaurant", "content_type": ["backend", "restaurant"], "codename": "change_restaurant"}}, {"model": "auth.permission", "fields": {"name": "Can delete restaurant", "content_type": ["backend", "restaurant"], "codename": "delete_restaurant"}}, {"model": "auth.permission", "fields": {"name": "Can view restaurant", "content_type": ["backend", "restaurant"], "codename": "view_restaurant"}}, {"model": "auth.permission", "fields": {"name": "Can add todo", "content_type": ["fdl", "todo"], "codename": "add_todo"}}, {"model": "auth.permission", "fields": {"name": "Can change todo", "content_type": ["fdl", "todo"], "codename": "change_todo"}}, {"model": "auth.permission", "fields": {"name": "Can delete todo", "content_type": ["fdl", "todo"], "codename": "delete_todo"}}, {"model": "auth.permission", "fields": {"name": "Can view todo", "content_type": ["fdl", "todo"], "codename": "view_todo"}}, {"model": "auth.permission", "fields": {"name": "Can add menu item", "content_type": ["fdl", "menuitem"], "codename": "add_menuitem"}}, {"model": "auth.permission", "fields": {"name": "Can change menu item", "content_type": ["fdl", "menuitem"], "codename": "change_menuitem"}}, {"model": "auth.permission", "fields": {"name": "Can delete menu item", "content_type": ["fdl", "menuitem"], "codename": "delete_menuitem"}}, {"model": "auth.permission", "fields": {"name": "Can view menu item", "content_type": ["fdl", "menuitem"], "codename": "view_menuitem"}}, {"model": "auth.user", "fields": {"password": "pbkdf2_sha256$260000$zcVgffa3L5S0nwfG7N5l8r$znUpv8knV1VWqDMDDIEQkAX/VLZ9xwKjJUWlvh9osss=", "last_login": "2021-09-22T21:00:27.907Z", "is_superuser": true, "username": "danielshearin", "first_name": "", "last_name": "", "email": "danielshearin@gmail.com", "is_staff": true, "is_active": true, "date_joined": "2021-09-22T21:00:00.219Z", "groups": [], "user_permissions": []}}, {"model": "admin.logentry", "pk": 1, "fields": {"action_time": "2021-09-22T21:24:05.070Z", "user": ["danielshearin"], "content_type": ["fdl", "restaurant"], "object_id": "1", "object_repr": "Chai Pani", "action_flag": 1, "change_message": "[{\"added\": {}}]"}}, {"model": "admin.logentry", "pk": 2, "fields": {"action_time": "2021-10-04T18:45:17.036Z", "user": ["danielshearin"], "content_type": ["fdl", "menuitem"], "object_id": "1", "object_repr": "Green Mango Chaat", "action_flag": 1, "change_message": "[{\"added\": {}}]"}}, {"model": "admin.logentry", "pk": 3, "fields": {"action_time": "2021-10-04T18:45:37.820Z", "user": ["danielshearin"], "content_type": ["fdl", "menuitem"], "object_id": "2", "object_repr": "Green Mango Chaat", "action_flag": 1, "change_message": "[{\"added\": {}}]"}}, {"model": "admin.logentry", "pk": 4, "fields": {"action_time": "2021-10-04T18:45:53.474Z", "user": ["danielshearin"], "content_type": ["fdl", "menuitem"], "object_id": "1", "object_repr": "Green Mango Chaat", "action_flag": 3, "change_message": ""}}, {"model": "admin.logentry", "pk": 5, "fields": {"action_time": "2021-10-04T18:45:56.512Z", "user": ["danielshearin"], "content_type": ["fdl", "menuitem"], "object_id": "2", "object_repr": "Green Mango Chaat", "action_flag": 2, "change_message": "[]"}}, {"model": "admin.logentry", "pk": 6, "fields": {"action_time": "2021-10-04T18:47:43.819Z", "user": ["danielshearin"], "content_type": ["fdl", "menuitem"], "object_id": "3", "object_repr": "Aloo Tikki Chaat", "action_flag": 1, "change_message": "[{\"added\": {}}]"}}, {"model": "admin.logentry", "pk": 7, "fields": {"action_time": "2021-10-04T18:48:26.181Z", "user": ["danielshearin"], "content_type": ["fdl", "menuitem"], "object_id": "4", "object_repr": "Chicken Pakoras", "action_flag": 1, "change_message": "[{\"added\": {}}]"}}, {"model": "admin.logentry", "pk": 8, "fields": {"action_time": "2021-10-04T18:48:36.331Z", "user": ["danielshearin"], "content_type": ["fdl", "menuitem"], "object_id": "3", "object_repr": "Aloo Tikki Chaat", "action_flag": 2, "change_message": "[{\"changed\": {\"fields\": [\"Time\"]}}]"}}, {"model": "admin.logentry", "pk": 9, "fields": {"action_time": "2021-10-04T18:48:39.959Z", "user": ["danielshearin"], "content_type": ["fdl", "menuitem"], "object_id": "2", "object_repr": "Green Mango Chaat", "action_flag": 2, "change_message": "[{\"changed\": {\"fields\": [\"Time\"]}}]"}}, {"model": "admin.logentry", "pk": 10, "fields": {"action_time": "2021-10-04T18:49:46.148Z", "user": ["danielshearin"], "content_type": ["fdl", "menuitem"], "object_id": "5", "object_repr": "Desi Chicken Salad", "action_flag": 1, "change_message": "[{\"added\": {}}]"}}, {"model": "admin.logentry", "pk": 11, "fields": {"action_time": "2021-10-04T18:50:26.845Z", "user": ["danielshearin"], "content_type": ["fdl", "menuitem"], "object_id": "6", "object_repr": "Papadum", "action_flag": 1, "change_message": "[{\"added\": {}}]"}}, {"model": "admin.logentry", "pk": 12, "fields": {"action_time": "2021-10-04T18:50:58.712Z", "user": ["danielshearin"], "content_type": ["fdl", "menuitem"], "object_id": "7", "object_repr": "Kheer", "action_flag": 1, "change_message": "[{\"added\": {}}]"}}, {"model": "admin.logentry", "pk": 13, "fields": {"action_time": "2021-10-04T18:51:47.213Z", "user": ["danielshearin"], "content_type": ["fdl", "menuitem"], "object_id": "8", "object_repr": "Kids Cheese Paratha", "action_flag": 1, "change_message": "[{\"added\": {}}]"}}, {"model": "admin.logentry", "pk": 14, "fields": {"action_time": "2021-10-04T18:51:53.433Z", "user": ["danielshearin"], "content_type": ["fdl", "menuitem"], "object_id": "8", "object_repr": "Kids Cheese Paratha", "action_flag": 2, "change_message": "[{\"changed\": {\"fields\": [\"Dietary\"]}}]"}}, {"model": "admin.logentry", "pk": 15, "fields": {"action_time": "2021-10-04T18:52:37.162Z", "user": ["danielshearin"], "content_type": ["fdl", "menuitem"], "object_id": "9", "object_repr": "To-Go Cholle & Rice", "action_flag": 1, "change_message": "[{\"added\": {}}]"}}, {"model": "admin.logentry", "pk": 16, "fields": {"action_time": "2021-10-04T18:54:18.396Z", "user": ["danielshearin"], "content_type": ["fdl", "menuitem"], "object_id": "10", "object_repr": "Smoked Pulled Chicken Plate", "action_flag": 1, "change_message": "[{\"added\": {}}]"}}, {"model": "admin.logentry", "pk": 17, "fields": {"action_time": "2021-10-04T18:54:54.477Z", "user": ["danielshearin"], "content_type": ["fdl", "menuitem"], "object_id": "11", "object_repr": "Smoky Fried NC Catfish Plate", "action_flag": 1, "change_message": "[{\"added\": {}}]"}}, {"model": "admin.logentry", "pk": 18, "fields": {"action_time": "2021-10-04T18:55:30.230Z", "user": ["danielshearin"], "content_type": ["fdl", "menuitem"], "object_id": "12", "object_repr": "Skillet Cornbread", "action_flag": 1, "change_message": "[{\"added\": {}}]"}}, {"model": "admin.logentry", "pk": 19, "fields": {"action_time": "2021-10-04T18:56:15.470Z", "user": ["danielshearin"], "content_type": ["fdl", "menuitem"], "object_id": "13", "object_repr": "buxton summer salad", "action_flag": 1, "change_message": "[{\"added\": {}}]"}}, {"model": "admin.logentry", "pk": 20, "fields": {"action_time": "2021-10-04T19:21:42.548Z", "user": ["danielshearin"], "content_type": ["fdl", "restaurant"], "object_id": "2", "object_repr": "Buxton Hall", "action_flag": 2, "change_message": "[{\"changed\": {\"fields\": [\"Longitude\", \"Latitude\"]}}]"}}, {"model": "admin.logentry", "pk": 21, "fields": {"action_time": "2021-10-04T19:21:50.460Z", "user": ["danielshearin"], "content_type": ["fdl", "restaurant"], "object_id": "2", "object_repr": "Buxton Hall", "action_flag": 2, "change_message": "[]"}}, {"model": "admin.logentry", "pk": 22, "fields": {"action_time": "2021-10-04T19:24:10.361Z", "user": ["danielshearin"], "content_type": ["fdl", "restaurant"], "object_id": "1", "object_repr": "Chai Pani", "action_flag": 2, "change_message": "[{\"changed\": {\"fields\": [\"Longitude\", \"Latitude\"]}}]"}}, {"model": "admin.logentry", "pk": 23, "fields": {"action_time": "2021-10-04T19:26:50.399Z", "user": ["danielshearin"], "content_type": ["fdl", "restaurant"], "object_id": "3", "object_repr": "Benne on Eagle", "action_flag": 1, "change_message": "[{\"added\": {}}]"}}, {"model": "admin.logentry", "pk": 24, "fields": {"action_time": "2021-10-04T19:28:14.309Z", "user": ["danielshearin"], "content_type": ["fdl", "menuitem"], "object_id": "14", "object_repr": "Berberie Spiced Joyce Farms Chicken", "action_flag": 1, "change_message": "[{\"added\": {}}]"}}, {"model": "admin.logentry", "pk": 25, "fields": {"action_time": "2021-10-04T19:28:38.405Z", "user": ["danielshearin"], "content_type": ["fdl", "menuitem"], "object_id": "15", "object_repr": "Pepperpot Stew", "action_flag": 1, "change_message": "[{\"added\": {}}]"}}, {"model": "admin.logentry", "pk": 26, "fields": {"action_time": "2021-10-04T19:29:10.135Z", "user": ["danielshearin"], "content_type": ["fdl", "menuitem"], "object_id": "16", "object_repr": "Cobia & Akara", "action_flag": 1, "change_message": "[{\"added\": {}}]"}}, {"model": "admin.logentry", "pk": 27, "fields": {"action_time": "2021-10-04T19:29:51.004Z", "user": ["danielshearin"], "content_type": ["fdl", "menuitem"], "object_id": "17", "object_repr": "Le Courage 10 Oz NY Strip Steak", "action_flag": 1, "change_message": "[{\"added\": {}}]"}}, {"model": "admin.logentry", "pk": 28, "fields": {"action_time": "2021-10-04T19:30:39.688Z", "user": ["danielshearin"], "content_type": ["fdl", "menuitem"], "object_id": "18", "object_repr": "Egg and Cheese Sandwich", "action_flag": 1, "change_message": "[{\"added\": {}}]"}}, {"model": "admin.logentry", "pk": 29, "fields": {"action_time": "2021-10-04T19:31:08.694Z", "user": ["danielshearin"], "content_type": ["fdl", "menuitem"], "object_id": "19", "object_repr": "Biscuit and Gravy", "action_flag": 1, "change_message": "[{\"added\": {}}]"}}, {"model": "admin.logentry", "pk": 30, "fields": {"action_time": "2021-10-04T19:31:36.680Z", "user": ["danielshearin"], "content_type": ["fdl", "menuitem"], "object_id": "20", "object_repr": "Fried Chicken and Waffle", "action_flag": 1, "change_message": "[{\"added\": {}}]"}}, {"model": "admin.logentry", "pk": 31, "fields": {"action_time": "2021-10-04T19:32:01.389Z", "user": ["danielshearin"], "content_type": ["fdl", "menuitem"], "object_id": "21", "object_repr": "Shrimp and Grits", "action_flag": 1, "change_message": "[{\"added\": {}}]"}}, {"model": "admin.logentry", "pk": 32, "fields": {"action_time": "2021-10-04T19:33:35.145Z", "user": ["danielshearin"], "content_type": ["fdl", "restaurant"], "object_id": "4", "object_repr": "Taco Temple", "action_flag": 1, "change_message": "[{\"added\": {}}]"}}, {"model": "admin.logentry", "pk": 33, "fields": {"action_time": "2021-10-04T19:34:21.154Z", "user": ["danielshearin"], "content_type": ["fdl", "menuitem"], "object_id": "22", "object_repr": "El Guero", "action_flag": 1, "change_message": "[{\"added\": {}}]"}}, {"model": "admin.logentry", "pk": 34, "fields": {"action_time": "2021-10-04T19:34:49.841Z", "user": ["danielshearin"], "content_type": ["fdl", "menuitem"], "object_id": "23", "object_repr": "La Gringa", "action_flag": 1, "change_message": "[{\"added\": {}}]"}}, {"model": "admin.logentry", "pk": 35, "fields": {"action_time": "2021-10-04T19:35:27.544Z", "user": ["danielshearin"], "content_type": ["fdl", "menuitem"], "object_id": "24", "object_repr": "El Chulo", "action_flag": 1, "change_message": "[{\"added\": {}}]"}}, {"model": "admin.logentry", "pk": 36, "fields": {"action_time": "2021-10-04T19:35:50.022Z", "user": ["danielshearin"], "content_type": ["fdl", "menuitem"], "object_id": "25", "object_repr": "La Guapa", "action_flag": 1, "change_message": "[{\"added\": {}}]"}}, {"model": "admin.logentry", "pk": 37, "fields": {"action_time": "2021-10-04T19:37:30.312Z", "user": ["danielshearin"], "content_type": ["fdl", "menuitem"], "object_id": "26", "object_repr": "Chips & Salsa", "action_flag": 1, "change_message": "[{\"added\": {}}]"}}, {"model": "admin.logentry", "pk": 38, "fields": {"action_time": "2021-10-04T19:38:21.983Z", "user": ["danielshearin"], "content_type": ["fdl", "menuitem"], "object_id": "27", "object_repr": "Avocado Torta", "action_flag": 1, "change_message": "[{\"added\": {}}]"}}, {"model": "admin.logentry", "pk": 39, "fields": {"action_time": "2021-10-04T19:38:47.716Z", "user": ["danielshearin"], "content_type": ["fdl", "menuitem"], "object_id": "28", "object_repr": "Al Pastor Torta", "action_flag": 1, "change_message": "[{\"added\": {}}]"}}, {"model": "admin.logentry", "pk": 40, "fields": {"action_time": "2021-10-04T19:41:34.216Z", "user": ["danielshearin"], "content_type": ["fdl", "restaurant"], "object_id": "5", "object_repr": "Taco Billy", "action_flag": 1, "change_message": "[{\"added\": {}}]"}}, {"model": "admin.logentry", "pk": 41, "fields": {"action_time": "2021-10-04T19:45:31.358Z", "user": ["danielshearin"], "content_type": ["fdl", "menuitem"], "object_id": "29", "object_repr": "Migas Taco", "action_flag": 1, "change_message": "[{\"added\": {}}]"}}, {"model": "admin.logentry", "pk": 42, "fields": {"action_time": "2021-10-04T19:47:23.876Z", "user": ["danielshearin"], "content_type": ["fdl", "menuitem"], "object_id": "30", "object_repr": "Build your own Taco", "action_flag": 1, "change_message": "[{\"added\": {}}]"}}, {"model": "admin.logentry", "pk": 43, "fields": {"action_time": "2021-10-04T19:48:41.709Z", "user": ["danielshearin"], "content_type": ["fdl", "menuitem"], "object_id": "31", "object_repr": "Kirb Service Taco", "action_flag": 1, "change_message": "[{\"added\": {}}]"}}, {"model": "admin.logentry", "pk": 44, "fields": {"action_time": "2021-10-04T19:49:11.870Z", "user": ["danielshearin"], "content_type": ["fdl", "menuitem"], "object_id": "32", "object_repr": "Yard Bird Taco", "action_flag": 1, "change_message": "[{\"added\": {}}]"}}, {"model": "admin.logentry", "pk": 45, "fields": {"action_time": "2021-10-04T19:49:17.498Z", "user": ["danielshearin"], "content_type": ["fdl", "menuitem"], "object_id": "32", "object_repr": "Yard Bird Taco", "action_flag": 2, "change_message": "[]"}}, {"model": "admin.logentry", "pk": 46, "fields": {"action_time": "2021-10-04T19:50:13.954Z", "user": ["danielshearin"], "content_type": ["fdl", "menuitem"], "object_id": "33", "object_repr": "San Cris", "action_flag": 1, "change_message": "[{\"added\": {}}]"}}, {"model": "admin.logentry", "pk": 47, "fields": {"action_time": "2021-10-04T19:52:23.681Z", "user": ["danielshearin"], "content_type": ["fdl", "menuitem"], "object_id": "34", "object_repr": "Good Lovin'", "action_flag": 1, "change_message": "[{\"added\": {}}]"}}, {"model": "admin.logentry", "pk": 48, "fields": {"action_time": "2021-10-04T19:53:32.362Z", "user": ["danielshearin"], "content_type": ["fdl", "menuitem"], "object_id": "35", "object_repr": "Vegan Lunch Lady", "action_flag": 1, "change_message": "[{\"added\": {}}]"}}, {"model": "admin.logentry", "pk": 49, "fields": {"action_time": "2021-10-04T19:55:48.598Z", "user": ["danielshearin"], "content_type": ["fdl", "restaurant"], "object_id": "6", "object_repr": "Standard Pizza Co.", "action_flag": 1, "change_message": "[{\"added\": {}}]"}}, {"model": "admin.logentry", "pk": 50, "fields": {"action_time": "2021-10-04T19:57:12.068Z", "user": ["danielshearin"], "content_type": ["fdl", "menuitem"], "object_id": "36", "object_repr": "Single Pizza Slice", "action_flag": 1, "change_message": "[{\"added\": {}}]"}}, {"model": "admin.logentry", "pk": 51, "fields": {"action_time": "2021-10-04T19:58:15.601Z", "user": ["danielshearin"], "content_type": ["fdl", "menuitem"], "object_id": "36", "object_repr": "Single Pizza Slice", "action_flag": 2, "change_message": "[{\"changed\": {\"fields\": [\"Time\"]}}]"}}, {"model": "admin.logentry", "pk": 52, "fields": {"action_time": "2021-10-04T19:58:49.013Z", "user": ["danielshearin"], "content_type": ["fdl", "menuitem"], "object_id": "37", "object_repr": "Supreme Pizza Slice", "action_flag": 1, "change_message": "[{\"added\": {}}]"}}, {"model": "admin.logentry", "pk": 53, "fields": {"action_time": "2021-10-04T19:59:13.192Z", "user": ["danielshearin"], "content_type": ["fdl", "menuitem"], "object_id": "38", "object_repr": "Garden Slice", "action_flag": 1, "change_message": "[{\"added\": {}}]"}}, {"model": "admin.logentry", "pk": 54, "fields": {"action_time": "2021-10-04T19:59:37.003Z", "user": ["danielshearin"], "content_type": ["fdl", "menuitem"], "object_id": "39", "object_repr": "Thirteen Slice", "action_flag": 1, "change_message": "[{\"added\": {}}]"}}, {"model": "admin.logentry", "pk": 55, "fields": {"action_time": "2021-10-04T20:00:11.843Z", "user": ["danielshearin"], "content_type": ["fdl", "menuitem"], "object_id": "40", "object_repr": "Calzone", "action_flag": 1, "change_message": "[{\"added\": {}}]"}}, {"model": "admin.logentry", "pk": 56, "fields": {"action_time": "2021-10-04T20:00:43.138Z", "user": ["danielshearin"], "content_type": ["fdl", "menuitem"], "object_id": "41", "object_repr": "Supreme Large", "action_flag": 1, "change_message": "[{\"added\": {}}]"}}, {"model": "admin.logentry", "pk": 57, "fields": {"action_time": "2021-10-04T20:01:10.890Z", "user": ["danielshearin"], "content_type": ["fdl", "menuitem"], "object_id": "42", "object_repr": "Large Garden", "action_flag": 1, "change_message": "[{\"added\": {}}]"}}, {"model": "admin.logentry", "pk": 58, "fields": {"action_time": "2021-10-04T20:03:06.416Z", "user": ["danielshearin"], "content_type": ["fdl", "restaurant"], "object_id": "7", "object_repr": "Bim Beri Bon", "action_flag": 1, "change_message": "[{\"added\": {}}]"}}, {"model": "admin.logentry", "pk": 59, "fields": {"action_time": "2021-10-04T20:04:00.224Z", "user": ["danielshearin"], "content_type": ["fdl", "menuitem"], "object_id": "43", "object_repr": "Cuban Roasted Plantain Bowl", "action_flag": 1, "change_message": "[{\"added\": {}}]"}}, {"model": "admin.logentry", "pk": 60, "fields": {"action_time": "2021-10-04T20:04:36.314Z", "user": ["danielshearin"], "content_type": ["fdl", "menuitem"], "object_id": "44", "object_repr": "Yam Hot Bowl", "action_flag": 1, "change_message": "[{\"added\": {}}]"}}, {"model": "admin.logentry", "pk": 61, "fields": {"action_time": "2021-10-04T20:05:20.945Z", "user": ["danielshearin"], "content_type": ["fdl", "menuitem"], "object_id": "45", "object_repr": "Farm Egg Sandwich", "action_flag": 1, "change_message": "[{\"added\": {}}]"}}, {"model": "admin.logentry", "pk": 62, "fields": {"action_time": "2021-10-04T20:05:44.883Z", "user": ["danielshearin"], "content_type": ["fdl", "menuitem"], "object_id": "46", "object_repr": "Vegan Egg Sandwich", "action_flag": 1, "change_message": "[{\"added\": {}}]"}}, {"model": "admin.logentry", "pk": 63, "fields": {"action_time": "2021-10-04T20:06:15.760Z", "user": ["danielshearin"], "content_type": ["fdl", "menuitem"], "object_id": "47", "object_repr": "Vietnamese Bahn Mi Sandwich", "action_flag": 1, "change_message": "[{\"added\": {}}]"}}, {"model": "admin.logentry", "pk": 64, "fields": {"action_time": "2021-10-04T20:06:49.988Z", "user": ["danielshearin"], "content_type": ["fdl", "menuitem"], "object_id": "48", "object_repr": "Fried Potato Wedge", "action_flag": 1, "change_message": "[{\"added\": {}}]"}}, {"model": "admin.logentry", "pk": 65, "fields": {"action_time": "2021-10-04T20:06:56.828Z", "user": ["danielshearin"], "content_type": ["fdl", "menuitem"], "object_id": "48", "object_repr": "Fried Potato Wedge", "action_flag": 2, "change_message": "[{\"changed\": {\"fields\": [\"Dietary\"]}}]"}}, {"model": "admin.logentry", "pk": 66, "fields": {"action_time": "2021-10-05T01:00:21.927Z", "user": ["danielshearin"], "content_type": ["fdl", "menuitem"], "object_id": "48", "object_repr": "Fried Potato Wedge", "action_flag": 2, "change_message": "[{\"changed\": {\"fields\": [\"Open time\", \"Close time\"]}}]"}}, {"model": "admin.logentry", "pk": 67, "fields": {"action_time": "2021-10-05T01:00:30.738Z", "user": ["danielshearin"], "content_type": ["fdl", "menuitem"], "object_id": "47", "object_repr": "Vietnamese Bahn Mi Sandwich", "action_flag": 2, "change_message": "[{\"changed\": {\"fields\": [\"Open time\", \"Close time\"]}}]"}}, {"model": "admin.logentry", "pk": 68, "fields": {"action_time": "2021-10-05T01:00:37.480Z", "user": ["danielshearin"], "content_type": ["fdl", "menuitem"], "object_id": "46", "object_repr": "Vegan Egg Sandwich", "action_flag": 2, "change_message": "[{\"changed\": {\"fields\": [\"Open time\", \"Close time\"]}}]"}}, {"model": "admin.logentry", "pk": 69, "fields": {"action_time": "2021-10-05T01:00:42.961Z", "user": ["danielshearin"], "content_type": ["fdl", "menuitem"], "object_id": "45", "object_repr": "Farm Egg Sandwich", "action_flag": 2, "change_message": "[{\"changed\": {\"fields\": [\"Open time\", \"Close time\"]}}]"}}, {"model": "admin.logentry", "pk": 70, "fields": {"action_time": "2021-10-05T01:00:48.689Z", "user": ["danielshearin"], "content_type": ["fdl", "menuitem"], "object_id": "44", "object_repr": "Yam Hot Bowl", "action_flag": 2, "change_message": "[{\"changed\": {\"fields\": [\"Open time\", \"Close time\"]}}]"}}, {"model": "admin.logentry", "pk": 71, "fields": {"action_time": "2021-10-05T01:00:53.304Z", "user": ["danielshearin"], "content_type": ["fdl", "menuitem"], "object_id": "43", "object_repr": "Cuban Roasted Plantain Bowl", "action_flag": 2, "change_message": "[{\"changed\": {\"fields\": [\"Open time\", \"Close time\"]}}]"}}, {"model": "admin.logentry", "pk": 72, "fields": {"action_time": "2021-10-05T01:01:28.897Z", "user": ["danielshearin"], "content_type": ["fdl", "menuitem"], "object_id": "42", "object_repr": "Large Garden", "action_flag": 2, "change_message": "[{\"changed\": {\"fields\": [\"Open time\", \"Close time\"]}}]"}}, {"model": "admin.logentry", "pk": 73, "fields": {"action_time": "2021-10-05T01:01:35.999Z", "user": ["danielshearin"], "content_type": ["fdl", "menuitem"], "object_id": "41", "object_repr": "Supreme Large", "action_flag": 2, "change_message": "[{\"changed\": {\"fields\": [\"Open time\", \"Close time\"]}}]"}}, {"model": "admin.logentry", "pk": 74, "fields": {"action_time": "2021-10-05T01:01:42.651Z", "user": ["danielshearin"], "content_type": ["fdl", "menuitem"], "object_id": "42", "object_repr": "Large Garden", "action_flag": 2, "change_message": "[]"}}, {"model": "admin.logentry", "pk": 75, "fields": {"action_time": "2021-10-05T01:01:50.870Z", "user": ["danielshearin"], "content_type": ["fdl", "menuitem"], "object_id": "40", "object_repr": "Calzone", "action_flag": 2, "change_message": "[{\"changed\": {\"fields\": [\"Open time\", \"Close time\"]}}]"}}, {"model": "admin.logentry", "pk": 76, "fields": {"action_time": "2021-10-05T01:02:08.883Z", "user": ["danielshearin"], "content_type": ["fdl", "menuitem"], "object_id": "39", "object_repr": "Thirteen Slice", "action_flag": 2, "change_message": "[{\"changed\": {\"fields\": [\"Open time\", \"Close time\"]}}]"}}, {"model": "admin.logentry", "pk": 77, "fields": {"action_time": "2021-10-05T01:02:17.509Z", "user": ["danielshearin"], "content_type": ["fdl", "menuitem"], "object_id": "38", "object_repr": "Garden Slice", "action_flag": 2, "change_message": "[{\"changed\": {\"fields\": [\"Open time\", \"Close time\"]}}]"}}, {"model": "admin.logentry", "pk": 78, "fields": {"action_time": "2021-10-05T01:02:23.960Z", "user": ["danielshearin"], "content_type": ["fdl", "menuitem"], "object_id": "37", "object_repr": "Supreme Pizza Slice", "action_flag": 2, "change_message": "[{\"changed\": {\"fields\": [\"Open time\", \"Close time\"]}}]"}}, {"model": "admin.logentry", "pk": 79, "fields": {"action_time": "2021-10-05T01:02:31.829Z", "user": ["danielshearin"], "content_type": ["fdl", "menuitem"], "object_id": "36", "object_repr": "Single Pizza Slice", "action_flag": 2, "change_message": "[{\"changed\": {\"fields\": [\"Open time\", \"Close time\"]}}]"}}, {"model": "admin.logentry", "pk": 80, "fields": {"action_time": "2021-10-05T01:03:16.519Z", "user": ["danielshearin"], "content_type": ["fdl", "menuitem"], "object_id": "35", "object_repr": "Vegan Lunch Lady", "action_flag": 2, "change_message": "[{\"changed\": {\"fields\": [\"Open time\", \"Close time\"]}}]"}}, {"model": "admin.logentry", "pk": 81, "fields": {"action_time": "2021-10-05T01:03:24.773Z", "user": ["danielshearin"], "content_type": ["fdl", "menuitem"], "object_id": "34", "object_repr": "Good Lovin'", "action_flag": 2, "change_message": "[{\"changed\": {\"fields\": [\"Open time\", \"Close time\"]}}]"}}, {"model": "admin.logentry", "pk": 82, "fields": {"action_time": "2021-10-05T01:03:35.239Z", "user": ["danielshearin"], "content_type": ["fdl", "menuitem"], "object_id": "33", "object_repr": "San Cris", "action_flag": 2, "change_message": "[{\"changed\": {\"fields\": [\"Open time\", \"Close time\"]}}]"}}, {"model": "admin.logentry", "pk": 83, "fields": {"action_time": "2021-10-05T01:03:44.213Z", "user": ["danielshearin"], "content_type": ["fdl", "menuitem"], "object_id": "32", "object_repr": "Yard Bird Taco", "action_flag": 2, "change_message": "[{\"changed\": {\"fields\": [\"Open time\", \"Close time\"]}}]"}}, {"model": "admin.logentry", "pk": 84, "fields": {"action_time": "2021-10-05T01:03:54.901Z", "user": ["danielshearin"], "content_type": ["fdl", "menuitem"], "object_id": "31", "object_repr": "Kirb Service Taco", "action_flag": 2, "change_message": "[{\"changed\": {\"fields\": [\"Open time\", \"Close time\"]}}]"}}, {"model": "admin.logentry", "pk": 85, "fields": {"action_time": "2021-10-05T01:05:40.463Z", "user": ["danielshearin"], "content_type": ["fdl", "menuitem"], "object_id": "31", "object_repr": "Kirb Service Taco", "action_flag": 2, "change_message": "[{\"changed\": {\"fields\": [\"Open time\"]}}]"}}, {"model": "admin.logentry", "pk": 86, "fields": {"action_time": "2021-10-05T01:05:47.864Z", "user": ["danielshearin"], "content_type": ["fdl", "menuitem"], "object_id": "30", "object_repr": "Build your own Taco", "action_flag": 2, "change_message": "[{\"changed\": {\"fields\": [\"Open time\", \"Close time\"]}}]"}}, {"model": "admin.logentry", "pk": 87, "fields": {"action_time": "2021-10-05T01:06:04.790Z", "user": ["danielshearin"], "content_type": ["fdl", "menuitem"], "object_id": "29", "object_repr": "Migas Taco", "action_flag": 2, "change_message": "[{\"changed\": {\"fields\": [\"Open time\", \"Close time\"]}}]"}}, {"model": "admin.logentry", "pk": 88, "fields": {"action_time": "2021-10-05T01:06:29.032Z", "user": ["danielshearin"], "content_type": ["fdl", "menuitem"], "object_id": "28", "object_repr": "Al Pastor Torta", "action_flag": 2, "change_message": "[{\"changed\": {\"fields\": [\"Open time\", \"Close time\"]}}]"}}, {"model": "admin.logentry", "pk": 89, "fields": {"action_time": "2021-10-05T01:06:36.390Z", "user": ["danielshearin"], "content_type": ["fdl", "menuitem"], "object_id": "27", "object_repr": "Avocado Torta", "action_flag": 2, "change_message": "[{\"changed\": {\"fields\": [\"Open time\", \"Close time\"]}}]"}}, {"model": "admin.logentry", "pk": 90, "fields": {"action_time": "2021-10-05T01:06:48.694Z", "user": ["danielshearin"], "content_type": ["fdl", "menuitem"], "object_id": "26", "object_repr": "Chips & Salsa", "action_flag": 2, "change_message": "[{\"changed\": {\"fields\": [\"Open time\", \"Close time\"]}}]"}}, {"model": "admin.logentry", "pk": 91, "fields": {"action_time": "2021-10-05T01:06:56.180Z", "user": ["danielshearin"], "content_type": ["fdl", "menuitem"], "object_id": "25", "object_repr": "La Guapa", "action_flag": 2, "change_message": "[{\"changed\": {\"fields\": [\"Open time\", \"Close time\"]}}]"}}, {"model": "admin.logentry", "pk": 92, "fields": {"action_time": "2021-10-05T01:07:03.414Z", "user": ["danielshearin"], "content_type": ["fdl", "menuitem"], "object_id": "24", "object_repr": "El Chulo", "action_flag": 2, "change_message": "[{\"changed\": {\"fields\": [\"Open time\", \"Close time\"]}}]"}}, {"model": "admin.logentry", "pk": 93, "fields": {"action_time": "2021-10-05T01:07:10.437Z", "user": ["danielshearin"], "content_type": ["fdl", "menuitem"], "object_id": "23", "object_repr": "La Gringa", "action_flag": 2, "change_message": "[{\"changed\": {\"fields\": [\"Open time\", \"Close time\"]}}]"}}, {"model": "admin.logentry", "pk": 94, "fields": {"action_time": "2021-10-05T01:07:18.309Z", "user": ["danielshearin"], "content_type": ["fdl", "menuitem"], "object_id": "22", "object_repr": "El Guero", "action_flag": 2, "change_message": "[{\"changed\": {\"fields\": [\"Open time\", \"Close time\"]}}]"}}, {"model": "admin.logentry", "pk": 95, "fields": {"action_time": "2021-10-05T01:08:14.889Z", "user": ["danielshearin"], "content_type": ["fdl", "menuitem"], "object_id": "21", "object_repr": "Shrimp and Grits", "action_flag": 2, "change_message": "[{\"changed\": {\"fields\": [\"Open time\", \"Close time\"]}}]"}}, {"model": "admin.logentry", "pk": 96, "fields": {"action_time": "2021-10-05T01:08:24.718Z", "user": ["danielshearin"], "content_type": ["fdl", "menuitem"], "object_id": "20", "object_repr": "Fried Chicken and Waffle", "action_flag": 2, "change_message": "[{\"changed\": {\"fields\": [\"Open time\", \"Close time\"]}}]"}}, {"model": "admin.logentry", "pk": 97, "fields": {"action_time": "2021-10-05T01:08:33.383Z", "user": ["danielshearin"], "content_type": ["fdl", "menuitem"], "object_id": "19", "object_repr": "Biscuit and Gravy", "action_flag": 2, "change_message": "[{\"changed\": {\"fields\": [\"Open time\", \"Close time\"]}}]"}}, {"model": "admin.logentry", "pk": 98, "fields": {"action_time": "2021-10-05T01:08:41.158Z", "user": ["danielshearin"], "content_type": ["fdl", "menuitem"], "object_id": "18", "object_repr": "Egg and Cheese Sandwich", "action_flag": 2, "change_message": "[{\"changed\": {\"fields\": [\"Open time\", \"Close time\"]}}]"}}, {"model": "admin.logentry", "pk": 99, "fields": {"action_time": "2021-10-05T01:09:26.370Z", "user": ["danielshearin"], "content_type": ["fdl", "menuitem"], "object_id": "16", "object_repr": "Cobia & Akara", "action_flag": 2, "change_message": "[{\"changed\": {\"fields\": [\"Open time\", \"Close time\"]}}]"}}, {"model": "admin.logentry", "pk": 100, "fields": {"action_time": "2021-10-05T01:09:33.305Z", "user": ["danielshearin"], "content_type": ["fdl", "menuitem"], "object_id": "15", "object_repr": "Pepperpot Stew", "action_flag": 2, "change_message": "[{\"changed\": {\"fields\": [\"Open time\"]}}]"}}, {"model": "admin.logentry", "pk": 101, "fields": {"action_time": "2021-10-05T01:09:39.322Z", "user": ["danielshearin"], "content_type": ["fdl", "menuitem"], "object_id": "15", "object_repr": "Pepperpot Stew", "action_flag": 2, "change_message": "[{\"changed\": {\"fields\": [\"Close time\"]}}]"}}, {"model": "admin.logentry", "pk": 102, "fields": {"action_time": "2021-10-05T01:09:48.448Z", "user": ["danielshearin"], "content_type": ["fdl", "menuitem"], "object_id": "14", "object_repr": "Berberie Spiced Joyce Farms Chicken", "action_flag": 2, "change_message": "[{\"changed\": {\"fields\": [\"Open time\", \"Close time\"]}}]"}}, {"model": "admin.logentry", "pk": 103, "fields": {"action_time": "2021-10-05T01:10:21.467Z", "user": ["danielshearin"], "content_type": ["fdl", "menuitem"], "object_id": "13", "object_repr": "buxton summer salad", "action_flag": 2, "change_message": "[{\"changed\": {\"fields\": [\"Open time\", \"Close time\"]}}]"}}, {"model": "admin.logentry", "pk": 104, "fields": {"action_time": "2021-10-05T01:10:30.794Z", "user": ["danielshearin"], "content_type": ["fdl", "menuitem"], "object_id": "13", "object_repr": "buxton summer salad", "action_flag": 2, "change_message": "[{\"changed\": {\"fields\": [\"Close time\"]}}]"}}, {"model": "admin.logentry", "pk": 105, "fields": {"action_time": "2021-10-05T01:10:39.642Z", "user": ["danielshearin"], "content_type": ["fdl", "menuitem"], "object_id": "12", "object_repr": "Skillet Cornbread", "action_flag": 2, "change_message": "[{\"changed\": {\"fields\": [\"Open time\", \"Close time\"]}}]"}}, {"model": "admin.logentry", "pk": 106, "fields": {"action_time": "2021-10-05T01:10:50.658Z", "user": ["danielshearin"], "content_type": ["fdl", "menuitem"], "object_id": "11", "object_repr": "Smoky Fried NC Catfish Plate", "action_flag": 2, "change_message": "[{\"changed\": {\"fields\": [\"Open time\", \"Close time\"]}}]"}}, {"model": "admin.logentry", "pk": 107, "fields": {"action_time": "2021-10-05T01:11:07.923Z", "user": ["danielshearin"], "content_type": ["fdl", "menuitem"], "object_id": "17", "object_repr": "Le Courage 10 Oz NY Strip Steak", "action_flag": 2, "change_message": "[{\"changed\": {\"fields\": [\"Open time\", \"Close time\"]}}]"}}, {"model": "admin.logentry", "pk": 108, "fields": {"action_time": "2021-10-05T01:11:19.561Z", "user": ["danielshearin"], "content_type": ["fdl", "menuitem"], "object_id": "10", "object_repr": "Smoked Pulled Chicken Plate", "action_flag": 2, "change_message": "[{\"changed\": {\"fields\": [\"Open time\", \"Close time\"]}}]"}}, {"model": "admin.logentry", "pk": 109, "fields": {"action_time": "2021-10-05T01:11:53.641Z", "user": ["danielshearin"], "content_type": ["fdl", "menuitem"], "object_id": "9", "object_repr": "To-Go Cholle & Rice", "action_flag": 2, "change_message": "[{\"changed\": {\"fields\": [\"Open time\", \"Close time\"]}}]"}}, {"model": "admin.logentry", "pk": 110, "fields": {"action_time": "2021-10-05T01:12:02.587Z", "user": ["danielshearin"], "content_type": ["fdl", "menuitem"], "object_id": "8", "object_repr": "Kids Cheese Paratha", "action_flag": 2, "change_message": "[{\"changed\": {\"fields\": [\"Open time\", \"Close time\"]}}]"}}, {"model": "admin.logentry", "pk": 111, "fields": {"action_time": "2021-10-05T01:12:09.761Z", "user": ["danielshearin"], "content_type": ["fdl", "menuitem"], "object_id": "7", "object_repr": "Kheer", "action_flag": 2, "change_message": "[{\"changed\": {\"fields\": [\"Open time\", \"Close time\"]}}]"}}, {"model": "admin.logentry", "pk": 112, "fields": {"action_time": "2021-10-05T01:12:17.561Z", "user": ["danielshearin"], "content_type": ["fdl", "menuitem"], "object_id": "6", "object_repr": "Papadum", "action_flag": 2, "change_message": "[{\"changed\": {\"fields\": [\"Open time\", \"Close time\"]}}]"}}, {"model": "admin.logentry", "pk": 113, "fields": {"action_time": "2021-10-05T01:12:23.314Z", "user": ["danielshearin"], "content_type": ["fdl", "menuitem"], "object_id": "5", "object_repr": "Desi Chicken Salad", "action_flag": 2, "change_message": "[{\"changed\": {\"fields\": [\"Open time\", \"Close time\"]}}]"}}, {"model": "admin.logentry", "pk": 114, "fields": {"action_time": "2021-10-05T01:12:29.352Z", "user": ["danielshearin"], "content_type": ["fdl", "menuitem"], "object_id": "4", "object_repr": "Chicken Pakoras", "action_flag": 2, "change_message": "[{\"changed\": {\"fields\": [\"Open time\", \"Close time\"]}}]"}}, {"model": "admin.logentry", "pk": 115, "fields": {"action_time": "2021-10-05T01:12:35.305Z", "user": ["danielshearin"], "content_type": ["fdl", "menuitem"], "object_id": "3", "object_repr": "Aloo Tikki Chaat", "action_flag": 2, "change_message": "[{\"changed\": {\"fields\": [\"Open time\", \"Close time\"]}}]"}}, {"model": "admin.logentry", "pk": 116, "fields": {"action_time": "2021-10-05T01:12:41.170Z", "user": ["danielshearin"], "content_type": ["fdl", "menuitem"], "object_id": "2", "object_repr": "Green Mango Chaat", "action_flag": 2, "change_message": "[{\"changed\": {\"fields\": [\"Open time\", \"Close time\"]}}]"}}, {"model": "admin.logentry", "pk": 117, "fields": {"action_time": "2021-10-05T01:13:45.949Z", "user": ["danielshearin"], "content_type": ["fdl", "menuitem"], "object_id": "42", "object_repr": "Large Garden", "action_flag": 2, "change_message": "[{\"changed\": {\"fields\": [\"Close time\"]}}]"}}, {"model": "admin.logentry", "pk": 118, "fields": {"action_time": "2021-10-05T01:13:49.272Z", "user": ["danielshearin"], "content_type": ["fdl", "menuitem"], "object_id": "41", "object_repr": "Supreme Large", "action_flag": 2, "change_message": "[{\"changed\": {\"fields\": [\"Close time\"]}}]"}}, {"model": "admin.logentry", "pk": 119, "fields": {"action_time": "2021-10-05T01:13:52.953Z", "user": ["danielshearin"], "content_type": ["fdl", "menuitem"], "object_id": "40", "object_repr": "Calzone", "action_flag": 2, "change_message": "[{\"changed\": {\"fields\": [\"Close time\"]}}]"}}, {"model": "admin.logentry", "pk": 120, "fields": {"action_time": "2021-10-05T01:13:57.720Z", "user": ["danielshearin"], "content_type": ["fdl", "menuitem"], "object_id": "39", "object_repr": "Thirteen Slice", "action_flag": 2, "change_message": "[{\"changed\": {\"fields\": [\"Close time\"]}}]"}}, {"model": "admin.logentry", "pk": 121, "fields": {"action_time": "2021-10-05T01:14:02.523Z", "user": ["danielshearin"], "content_type": ["fdl", "menuitem"], "object_id": "38", "object_repr": "Garden Slice", "action_flag": 2, "change_message": "[{\"changed\": {\"fields\": [\"Close time\"]}}]"}}, {"model": "admin.logentry", "pk": 122, "fields": {"action_time": "2021-10-05T01:14:05.775Z", "user": ["danielshearin"], "content_type": ["fdl", "menuitem"], "object_id": "38", "object_repr": "Garden Slice", "action_flag": 2, "change_message": "[]"}}, {"model": "admin.logentry", "pk": 123, "fields": {"action_time": "2021-10-05T01:14:10.984Z", "user": ["danielshearin"], "content_type": ["fdl", "menuitem"], "object_id": "37", "object_repr": "Supreme Pizza Slice", "action_flag": 2, "change_message": "[{\"changed\": {\"fields\": [\"Close time\"]}}]"}}, {"model": "admin.logentry", "pk": 124, "fields": {"action_time": "2021-10-05T01:14:15.591Z", "user": ["danielshearin"], "content_type": ["fdl", "menuitem"], "object_id": "36", "object_repr": "Single Pizza Slice", "action_flag": 2, "change_message": "[{\"changed\": {\"fields\": [\"Close time\"]}}]"}}, {"model": "admin.logentry", "pk": 125, "fields": {"action_time": "2021-10-05T02:46:14.849Z", "user": ["danielshearin"], "content_type": ["fdl", "restaurant"], "object_id": "7", "object_repr": "Bim Beri Bon", "action_flag": 2, "change_message": "[{\"changed\": {\"fields\": [\"Coordinates\"]}}]"}}, {"model": "admin.logentry", "pk": 126, "fields": {"action_time": "2021-10-05T02:46:25.835Z", "user": ["danielshearin"], "content_type": ["fdl", "restaurant"], "object_id": "6", "object_repr": "Standard Pizza Co.", "action_flag": 2, "change_message": "[{\"changed\": {\"fields\": [\"Coordinates\"]}}]"}}, {"model": "admin.logentry", "pk": 127, "fields": {"action_time": "2021-10-05T02:47:02.195Z", "user": ["danielshearin"], "content_type": ["fdl", "restaurant"], "object_id": "5", "object_repr": "Taco Billy", "action_flag": 2, "change_message": "[{\"changed\": {\"fields\": [\"Coordinates\"]}}]"}}, {"model": "admin.logentry", "pk": 128, "fields": {"action_time": "2021-10-05T02:47:11.990Z", "user": ["danielshearin"], "content_type": ["fdl", "restaurant"], "object_id": "4", "object_repr": "Taco Temple", "action_flag": 2, "change_message": "[{\"changed\": {\"fields\": [\"Coordinates\"]}}]"}}, {"model": "admin.logentry", "pk": 129, "fields": {"action_time": "2021-10-05T02:47:22.251Z", "user": ["danielshearin"], "content_type": ["fdl", "restaurant"], "object_id": "3", "object_repr": "Benne on Eagle", "action_flag": 2, "change_message": "[{\"changed\": {\"fields\": [\"Coordinates\"]}}]"}}, {"model": "admin.logentry", "pk": 130, "fields": {"action_time": "2021-10-05T02:47:31.576Z", "user": ["danielshearin"], "content_type": ["fdl", "restaurant"], "object_id": "2", "object_repr": "Buxton Hall", "action_flag": 2, "change_message": "[{\"changed\": {\"fields\": [\"Coordinates\"]}}]"}}, {"model": "admin.logentry", "pk": 131, "fields": {"action_time": "2021-10-05T02:47:38.832Z", "user": ["danielshearin"], "content_type": ["fdl", "restaurant"], "object_id": "2", "object_repr": "Buxton Hall", "action_flag": 2, "change_message": "[{\"changed\": {\"fields\": [\"Coordinates\"]}}]"}}, {"model": "admin.logentry", "pk": 132, "fields": {"action_time": "2021-10-05T02:47:47.440Z", "user": ["danielshearin"], "content_type": ["fdl", "restaurant"], "object_id": "1", "object_repr": "Chai Pani", "action_flag": 2, "change_message": "[{\"changed\": {\"fields\": [\"Coordinates\"]}}]"}}]